,id,conversation_id,created_at,date,time,timezone,user_id,username,name,place,language,mentions,urls,photos,replies_count,retweets_count,likes_count,hashtags,cashtags,link,retweet,quote_url,video,thumbnail,near,geo,source,user_rt_id,user_rt,retweet_id,reply_to,retweet_date,translate,trans_src,trans_dest,tweet,sentiment
0,1497708588990705676,1497708588990705676,2022-02-26 23:02:08 GMT Standard Time,2022-02-26,23:02:08,0,1307851249568550912,tradewr,TradeWR #ETH #1K,,en,[],[],[],0,0,0,"['aave', 'binance', 'trade', 'signals', 'long']",['aave'],https://twitter.com/TradeWR/status/1497708588990705676,FALSE,,0,,,,,,,,[],,,,,‚ö°‚ö° #AAVE/USDT ‚ö°‚ö°  Signal Type:LONG Algorithm:IndiaL Entry : 135.85 Take-Profit: 136.529 Stop: 134.464  $AAVE #Binance #Trade #Signals #LONG,0
1,1497708463207682048,1497708463207682048,2022-02-26 23:01:38 GMT Standard Time,2022-02-26,23:01:38,0,1009357757219266560,mbrae3,MBrae,,in,[],[],[],0,0,0,"['defi', 'link', 'uni', 'aave', 'snx', 'comp', 'sushi', 'yfi', 'defi', 'analysis']",[],https://twitter.com/MBrae3/status/1497708463207682048,FALSE,,0,,,,,,,,[],,,,,#DeFi changes 1 hrüìà  #LINK -0.74 %; RSI 14: 59.69 #UNI -1.19 %; RSI 14: 47.78 #AAVE -1.73 %; RSI 14: 46.89 #SNX -1.27 %; RSI 14: 40.24 #COMP -1.26 %; RSI 14: 49.68 #SUSHI -0.91 %; RSI 14: 46.91 #YFI -1.74 %; RSI 14: 62.02 #defi #analysis,0
2,1497704093757943810,1497704093757943810,2022-02-26 22:44:16 GMT Standard Time,2022-02-26,22:44:16,0,1408890653887586306,crypto_whispers,Crypto Whispers,,en,[],['https://ambcrypto.com/with-the-domination-of-13-whales-is-aave-a-risky-investment-right-now/'],[],0,0,0,"['cryptonews', 'aave']",['aave'],https://twitter.com/crypto_whispers/status/1497704093757943810,FALSE,,0,,,,,,,,[],,,,,"With the domination of 13 whales, Is $AAVE a risky investment right now    #cryptonews #AAVE    https://t.co/ZIJ5H6Fptw",-1
3,1497703606430011393,1497703606430011393,2022-02-26 22:42:20 GMT Standard Time,2022-02-26,22:42:20,0,1393955132761645060,thinkmoonio,thinkmoon.io | Latest crypto trends & news,,en,[],['https://ambcrypto.com/with-the-domination-of-13-whales-is-aave-a-risky-investment-right-now/'],[],0,0,2,"['btc', 'cryptonews', 'nft', 'aave']",[],https://twitter.com/thinkmoonio/status/1497703606430011393,FALSE,,0,,,,,,,,[],,,,,"With the domination of 13 whales, Is AAVE a risky investment right now #BTC #CRYPTONEWS #NFT #AAVE  https://t.co/R2l6Fatpvi",-1
4,1497701285524553730,1497701285524553730,2022-02-26 22:33:07 GMT Standard Time,2022-02-26,22:33:07,0,946431618444677120,cryptoamb,AMBCrypto,,en,[],['https://ambcrypto.com/with-the-domination-of-13-whales-is-aave-a-risky-investment-right-now/'],[],0,2,2,"['whales', 'aave']",[],https://twitter.com/CryptoAmb/status/1497701285524553730,FALSE,,0,,,,,,,,[],,,,,"With the domination of 13 #whales, Is #AAVE a risky investment right now  https://t.co/7JnFXaUB3l",-1
5,1497700453877895173,1497700453877895173,2022-02-26 22:29:48 GMT Standard Time,2022-02-26,22:29:48,0,1489309102966964224,mengxin23,Mengxin,,en,[],[],[],3,0,0,"['bitcoin', 'gold', 'cryptocurrency', 'eth', 'sol', 'babydoge', 'xrp', 'luna', 'doge', 'shib', 'atom', 'aave', 'zec']",[],https://twitter.com/Mengxin23/status/1497700453877895173,FALSE,,0,,,,,,,,[],,,,,"Do you think Russia and Ukraine are at war? Bitcoin plunges 9.89% Does ""digital gold"" have safe-haven propertiesÔºü   Yes     No     üëá    üëá        #bitcoin.#Gold #Cryptocurrency #ETH #sol #BabyDoge #xrp #luna #doge #Shib #atom #aave #zec",-1
6,1497699562676703234,1497699562676703234,2022-02-26 22:26:16 GMT Standard Time,2022-02-26,22:26:16,0,1430378106322259976,s_y_future,S. Future,,zh,[],['http://discord.gg/w5GJFrKU'],['https://pbs.twimg.com/media/FMjkzksakAAZNb3.png'],0,5,9,"['nft', 'fodl', 'comp', 'aave', 'defi', 'bakc', 'blockchain', 'cryptocurrency']",[],https://twitter.com/S_Y_Future/status/1497699562676703234,FALSE,https://twitter.com/DefiAxon/status/1497674782510309381,1,https://pbs.twimg.com/media/FMjkzksakAAZNb3.png,,,,,,,[],,,,,#NFT #FODL Âç≥Â∞ÜÂÄíÊï∞Ôºå‰ªäÊó•Â∞Ü‰ºöÊòØÂì™‰∏≤Á•ûÁßòÊï∞Â≠ó‰∏≤Ëé∑ÂæóÔºåËØ∑Êã≠ÁõÆ‰ª•ÂæÖü•Åü§™  #COMP #AAVE #DeFi  #BAKC #blockchain #cryptocurrency   https://t.co/yz8EeE8BFx  https://t.co/v9Qg2kPk0x,10
7,1497698147208142852,1497698147208142852,2022-02-26 22:20:38 GMT Standard Time,2022-02-26,22:20:38,0,1307851249568550912,tradewr,TradeWR #ETH #1K,,en,[],[],[],1,0,1,"['aave', 'binance', 'trade', 'signals', 'long']",['aave'],https://twitter.com/TradeWR/status/1497698147208142852,FALSE,,0,,,,,,,,[],,,,,‚ö°‚ö° #AAVE/USDT ‚ö°‚ö°  Signal Type:LONG Algorithm:IndiaL Entry : 137.08 Take-Profit: 137.765 Stop: 135.682  $AAVE #Binance #Trade #Signals #LONG,0
8,1497694950003134464,1497694950003134464,2022-02-26 22:07:56 GMT Standard Time,2022-02-26,22:07:56,0,1381170502778097665,2024bull,2024Bull‚ì•,,en,"[{'screen_name': 'vitalikbuterin', 'name': 'vitalik.eth', 'id': '295218901'}, {'screen_name': 'stanikulechov', 'name': 'stani.eth (üëª,üåø)', 'id': '952921795316912133'}]",[],[],1,0,1,"['web3', 'bitcoin', 'binance', 'ethereum', 'aave']",[],https://twitter.com/2024Bull/status/1497694950003134464,FALSE,https://twitter.com/fedorovmykhailo/status/1497642156076511233,0,,,,,,,,[],,,,,Someone working in #web3 and looking to change to world? @VitalikButerin @StaniKulechov should retweet. #bitcoin #Binance #Ethereum #aave,0
9,1497694210887090178,1497694210887090178,2022-02-26 22:05:00 GMT Standard Time,2022-02-26,22:05:00,0,1413272365690195971,defy_trends,Defy Trends,,en,[],['http://defytrends.io/sign-up'],['https://pbs.twimg.com/media/FMiCD98WUAEeQW0.jpg'],0,2,9,"['crypto', 'uniswap', 'spookyswap', 'sushiswap', 'traderjoe', 'osmosis', 'aave', 'cryptonews', 'cryptocurrency', 'blockchain']","['joe', 'sushi', 'uni', 'mkr', 'aave']",https://twitter.com/Defy_Trends/status/1497694210887090178,FALSE,,1,https://pbs.twimg.com/media/FMiCD98WUAEeQW0.jpg,,,,,,,[],,,,,There are tons of #crypto projects. Which ones are people actually paying to use?üßê  Make sure you sign up for our newsletterüëá  https://t.co/unUnUGmdot  #uniswap #spookyswap #SushiSwap #TraderJoe $JOE $SUSHI $UNI #Osmosis $MKR #AAVE $AAVE #CryptoNews #cryptocurrency #blockchain  https://t.co/sPm0ys1kon,0
10,1497693362555662343,1497693362555662343,2022-02-26 22:01:38 GMT Standard Time,2022-02-26,22:01:38,0,1009357757219266560,mbrae3,MBrae,,in,[],[],[],0,0,0,"['defi', 'link', 'uni', 'aave', 'snx', 'comp', 'sushi', 'yfi', 'defi', 'analysis']",[],https://twitter.com/MBrae3/status/1497693362555662343,FALSE,,0,,,,,,,,[],,,,,#DeFi changes 1 hrüìà  #LINK 0.34 %; RSI 14: 64.91 #UNI 0.33 %; RSI 14: 54.82 #AAVE 0.38 %; RSI 14: 54.02 #SNX 0.25 %; RSI 14: 46.99 #COMP 0.21 %; RSI 14: 56.69 #SUSHI -0.3 %; RSI 14: 51.57 #YFI 0.47 %; RSI 14: 73.64 #defi #analysis,0
11,1497683771155525634,1497683771155525634,2022-02-26 21:23:31 GMT Standard Time,2022-02-26,21:23:31,0,1484435670567370752,tickersignals,TickerSignals,,en,[],"['https://app.ticker-signals.com/entry_cards?ticker=AAVE-USDT', 'http://app.ticker-signals.com']",[],0,0,0,['aave'],['aave'],https://twitter.com/TickerSignals/status/1497683771155525634,FALSE,,0,,,,,,,,[],,,,,"$AAVE: Signal for AAVE-USDT  https://t.co/tvOyeQzANK  Price: 138.125  Sup: 137.69 Res: 188.982  0.32% above supp 26.91% below res  Need targets? Go to  https://t.co/jXFqJBEkMe #AAVE  DYOR &amp; NFA  Ind: RSI fastxslow up,Ichimoku T/K bullX, PDIXNDI+,",0
12,1497678240680452096,1497678240680452096,2022-02-26 21:01:32 GMT Standard Time,2022-02-26,21:01:32,0,1009357757219266560,mbrae3,MBrae,,in,[],[],[],0,0,0,"['defi', 'link', 'uni', 'aave', 'snx', 'comp', 'sushi', 'yfi', 'defi', 'analysis']",[],https://twitter.com/MBrae3/status/1497678240680452096,FALSE,,0,,,,,,,,[],,,,,#DeFi changes 1 hrüìà  #LINK 1.23 %; RSI 14: 63.3 #UNI 0.44 %; RSI 14: 53.32 #AAVE 0.42 %; RSI 14: 52.66 #SNX 0.0 %; RSI 14: 45.54 #COMP 0.56 %; RSI 14: 55.4 #SUSHI 0.3 %; RSI 14: 51.45 #YFI 1.01 %; RSI 14: 72.55 #defi #analysis,0
13,1497674782510309381,1497674782510309381,2022-02-26 20:47:48 GMT Standard Time,2022-02-26,20:47:48,0,1476530676598034432,defiaxon,DefiAxon,,en,"[{'screen_name': 'fodlfi', 'name': 'fodl finance', 'id': '1430194084929581066'}]","['https://medium.com/@FODL/massive-fodl-nft-giveaway-8af1c07213f4', 'https://discord.gg/w5GJFrKU']","['https://pbs.twimg.com/media/FMjOjuKXwAgKKzF.jpg', 'https://pbs.twimg.com/media/FMjPQZvWUAEVGQY.jpg']",0,5,11,"['nftgiveaways', 'bakc', 'aave', 'comp', 'fodl']",['fodl'],https://twitter.com/DefiAxon/status/1497674782510309381,FALSE,,1,https://pbs.twimg.com/media/FMjOjuKXwAgKKzF.jpg,,,,,,,[],,,,,So who is going to be the lucky winner tomorrow?! Only at @FODLfi  THE BIGGEST #NFTGiveaways EVER!!!  #BAKC #AAVE #COMP $FODL #FODL   üëâ  https://t.co/YORkKXg4C4  üëâ  https://t.co/VkAj4AeUSv  https://t.co/yEAoMWgrJN,0
15,1497663137671270401,1497663137671270401,2022-02-26 20:01:31 GMT Standard Time,2022-02-26,20:01:31,0,1009357757219266560,mbrae3,MBrae,,in,[],[],[],0,0,0,"['defi', 'link', 'uni', 'aave', 'snx', 'comp', 'sushi', 'yfi', 'defi', 'analysis']",[],https://twitter.com/MBrae3/status/1497663137671270401,FALSE,,0,,,,,,,,[],,,,,#DeFi changes 1 hrüìà  #LINK 0.55 %; RSI 14: 60.04 #UNI 0.44 %; RSI 14: 52.05 #AAVE 0.37 %; RSI 14: 51.86 #SNX 0.26 %; RSI 14: 46.25 #COMP 0.82 %; RSI 14: 54.01 #SUSHI 0.3 %; RSI 14: 51.59 #YFI 0.94 %; RSI 14: 70.63 #defi #analysis,0
17,1497656050819817473,1497656050819817473,2022-02-26 19:33:22 GMT Standard Time,2022-02-26,19:33:22,0,1193922479552483328,monu2519,VIVEK,,en,"[{'screen_name': 'bybit_official', 'name': 'bybit ü¶ç', 'id': '999947328621395968'}]","['https://d.adx.io/go/rtC1O45T', 'https://www.bybit.com/en-US/invite?ref=KOP1XY']",['https://pbs.twimg.com/media/FMi-PXFXMAUq8K-.jpg'],0,0,1,"['ada', 'avax', 'axs', 'aave', 'apenft', 'babydoge', 'ama']",[],https://twitter.com/Monu2519/status/1497656050819817473,FALSE,,1,https://pbs.twimg.com/media/FMi-PXFXMAUq8K-.jpg,,,,,,,[],,,,,"Grab your share of the $260,000 Prizepool by trading ERTHA/USDT on @Bybit_Official ü§ë  Perform the required tasks to participate in itüí∏  Check details here :  https://t.co/6FH0GHJWxw Join trading on Bybit :  https://t.co/55QLkPZmiB  #ADA #AVAX #AXS #AAVE #ApeNFT #BabyDoge #AMA  https://t.co/Bd8G4ZIJWJ",0
18,1497648083743784961,1497648083743784961,2022-02-26 19:01:42 GMT Standard Time,2022-02-26,19:01:42,0,1009357757219266560,mbrae3,MBrae,,in,[],[],[],0,0,0,"['defi', 'link', 'uni', 'aave', 'snx', 'comp', 'sushi', 'yfi', 'defi', 'analysis']",[],https://twitter.com/MBrae3/status/1497648083743784961,FALSE,,0,,,,,,,,[],,,,,#DeFi changes 1 hrüìà  #LINK -0.89 %; RSI 14: 58.03 #UNI -0.87 %; RSI 14: 50.53 #AAVE -0.38 %; RSI 14: 50.48 #SNX -1.01 %; RSI 14: 44.56 #COMP -1.4 %; RSI 14: 52.01 #SUSHI -1.2 %; RSI 14: 51.17 #YFI -0.05 %; RSI 14: 69.27 #defi #analysis,0
19,1497644915295240194,1497644915295240194,2022-02-26 18:49:07 GMT Standard Time,2022-02-26,18:49:07,0,1307851249568550912,tradewr,TradeWR #ETH #1K,,en,[],[],[],0,0,0,"['aave', 'binance', 'trade', 'signals', 'short']",['aave'],https://twitter.com/TradeWR/status/1497644915295240194,FALSE,,0,,,,,,,,[],,,,,‚ö°‚ö° #AAVE/USDT ‚ö°‚ö°  Signal Type:SHORT Algorithm:GolfS Entry : 136.34 Take-Profit: 135.658 Stop: 137.731  $AAVE #Binance #Trade #Signals #SHORT,0
20,1497643917109600263,1497643917109600263,2022-02-26 18:45:09 GMT Standard Time,2022-02-26,18:45:09,0,1474473745,cryptolookapp,CryptoLook App,,en,[],['https://bit.ly/3oLnM5q'],['https://pbs.twimg.com/media/FMizNPLXEAYvWzZ.png'],0,0,0,['aave'],[],https://twitter.com/cryptolookapp/status/1497643917109600263,FALSE,,1,https://pbs.twimg.com/media/FMizNPLXEAYvWzZ.png,,,,,,,[],,,,,‚ú® #AAVE  üíµ Current Price: 135.8  üì± Look other coin infos with our app:  https://t.co/vNpxF6rnmg  https://t.co/60e5IxfdhV,0
21,1497637076170579968,1497637072395714560,2022-02-26 18:17:58 GMT Standard Time,2022-02-26,18:17:58,0,837608754518482944,sarkarsujit2310,Sujit Sarkar,,en,[],[],[],1,0,0,"['aave', 'liquiditypools', 'smartcontracts']",[],https://twitter.com/sarkarsujit2310/status/1497637076170579968,FALSE,,0,,,,,,,,[],,,,,1/4 Properties Of #AAVE: a.Liquidity pool infrastructure: #Liquiditypools are #SmartContracts that holds balances of two unique token and enforce rules around them. b. To borrow crypto AAVE allows over collateralised borrowing to remove risk of flaky borrowers.,0
22,1497636939377221634,1497636939377221634,2022-02-26 18:17:25 GMT Standard Time,2022-02-26,18:17:25,0,1141208687001780225,crypto3ot,CryptoBOT,,en,[],[],[],0,0,0,"['aave', 'aaveusdt', 'cryptobot']",['aave'],https://twitter.com/Crypto3OT/status/1497636939377221634,FALSE,,0,,,,,,,,[],,,,,$AAVE üîª Decreased 3.51% in 21.1 hour(s) üíµ Price - 135.40000000 USDT ‚è±Ô∏è [26 Feb] - 18:17:25 UTC #AAVE #AAVEUSDT #CryptoBOT,-1
23,1497636925112520711,1497636925112520711,2022-02-26 18:17:22 GMT Standard Time,2022-02-26,18:17:22,0,1495015555283120130,abnormal_crypto,Crypto Volume,,en,[],[],['https://pbs.twimg.com/media/FMis2LQXIAAUNeu.png'],0,0,0,"['aaveusdt', 'crypto', 'whale', 'btc', 'eth', 'aave']",['aave'],https://twitter.com/abnormal_crypto/status/1497636925112520711,FALSE,,1,https://pbs.twimg.com/media/FMis2LQXIAAUNeu.png,,,,,,,[],,,,,"#AAVEUSDT Bear Alert!  5X Volume Price:      135.9 5-min %: -0.59% Volume:  $225,802   #crypto #whale #btc #eth #AAVE $AAVE  https://t.co/7chmcw5SHw",-1
24,1497633625159962624,1497633625159962624,2022-02-26 18:04:15 GMT Standard Time,2022-02-26,18:04:15,0,1063533746421420032,angatwt,AngatTrading üá´üá∑,,en,[],[],['https://pbs.twimg.com/media/FMipXiRWUAMUWPz.png'],2,0,1,"['cryptocurrecy', 'trading', 'aave']",['aave'],https://twitter.com/AngatWt/status/1497633625159962624,FALSE,,1,https://pbs.twimg.com/media/FMipXiRWUAMUWPz.png,,,,,,,[],,,,,The rocket is waiting for $AAVE  #cryptocurrecy #trading #AAVE  https://t.co/CRcHJ7jYbb,1
25,1497632961482608642,1497632961482608642,2022-02-26 18:01:37 GMT Standard Time,2022-02-26,18:01:37,0,1009357757219266560,mbrae3,MBrae,,in,[],[],[],0,0,0,"['defi', 'link', 'uni', 'aave', 'snx', 'comp', 'sushi', 'yfi', 'defi', 'analysis']",[],https://twitter.com/MBrae3/status/1497632961482608642,FALSE,,0,,,,,,,,[],,,,,#DeFi changes 1 hrüìà  #LINK 0.27 %; RSI 14: 62.1 #UNI 0.55 %; RSI 14: 53.66 #AAVE 0.59 %; RSI 14: 51.18 #SNX 0.0 %; RSI 14: 45.71 #COMP 0.0 %; RSI 14: 59.56 #SUSHI 0.3 %; RSI 14: 53.91 #YFI 1.67 %; RSI 14: 64.22 #defi #analysis,0
26,1497627995116228612,1497627995116228612,2022-02-26 17:41:53 GMT Standard Time,2022-02-26,17:41:53,0,1490085377163796480,lawrence_amy2,Lawrence Amy,,en,[],[],[],1,0,1,"['bitcoin', 'gold', 'cryptocurrency', 'eth', 'sol', 'babydoge', 'xrp', 'luna', 'doge', 'shib', 'atom', 'aave', 'zec']",[],https://twitter.com/Lawrence_Amy2/status/1497627995116228612,FALSE,,0,,,,,,,,[],,,,,"Don't run on the banks, they have infinite fiat. It's pointless.Instead, beat them at their own game.  Take on as much debt as responsible and buy #bitcoin.#Gold #Cryptocurrency #ETH #sol #BabyDoge #xrp #luna #doge #Shib #atom #aave #zec",1
27,1497627557688410114,1497627557688410114,2022-02-26 17:40:08 GMT Standard Time,2022-02-26,17:40:08,0,371027604,andrewgriuk,Andrew Griffiths,,en,[],[],"['https://pbs.twimg.com/media/FMikUYvXsAgVn9H.png', 'https://pbs.twimg.com/media/FMikU4kXIAIfDUP.jpg']",0,0,0,"['aave', 'aaveusdt']",[],https://twitter.com/AndrewGriUK/status/1497627557688410114,FALSE,,1,https://pbs.twimg.com/media/FMikUYvXsAgVn9H.png,,,,,,,[],,,,,#AAVE AAVE is currently in a bullish wedge and is looking like it will break out upwards.   #AAVEUSDT  https://t.co/nvul79UVFH,1
28,1497618805593231360,1497618805593231360,2022-02-26 17:05:22 GMT Standard Time,2022-02-26,17:05:22,0,1393773446828494850,xxngelb,Xxngel Baby,,en,[],[],['https://pbs.twimg.com/media/FMicXdXVcAMCici.jpg'],0,0,0,['aave'],[],https://twitter.com/XxngelB/status/1497618805593231360,FALSE,,1,https://pbs.twimg.com/media/FMicXdXVcAMCici.jpg,,,,,,,[],,,,,this is so funny lol #aave  https://t.co/46zbXRQcdh,1
29,1497617938014220292,1497617938014220292,2022-02-26 17:01:55 GMT Standard Time,2022-02-26,17:01:55,0,1009357757219266560,mbrae3,MBrae,,in,[],[],[],0,0,0,"['defi', 'link', 'uni', 'aave', 'snx', 'comp', 'sushi', 'yfi', 'defi', 'analysis']",[],https://twitter.com/MBrae3/status/1497617938014220292,FALSE,,0,,,,,,,,[],,,,,#DeFi changes 1 hrüìà  #LINK -0.41 %; RSI 14: 60.66 #UNI -0.11 %; RSI 14: 51.25 #AAVE -0.91 %; RSI 14: 48.34 #SNX -0.25 %; RSI 14: 46.16 #COMP 0.28 %; RSI 14: 57.8 #SUSHI 0.0 %; RSI 14: 54.31 #YFI 0.22 %; RSI 14: 59.41 #defi #analysis,0
30,1497610391924400129,1497610391924400129,2022-02-26 16:31:56 GMT Standard Time,2022-02-26,16:31:56,0,1475910833146314762,cryptocode369,cryptoSkylark,,en,[],[],[],0,0,3,"['blockchain', 'altcoins', 'buythedip', 'cnfts', 'kiev', 'btc', 'eth', 'aave']","['ada', 'matic', 'ftm', 'link', 'algo']",https://twitter.com/cryptocode369/status/1497610391924400129,FALSE,,0,,,,,,,,[],,,,,$Ada is sitting at $0.90  $MATIC - $1.50 $FTM - $1.78 $LINK - $14.96  $ALGO - $0.84  as of right now . if your not not jumping into the dip right ..   it‚Äôll be another i should‚Äôve did so üò¥ ..   #blockchain #altcoins #BuyTheDip #CNFTs #Kiev #btc #ETH #AAVE #,0
31,1497602798854320132,1497602798854320132,2022-02-26 16:01:46 GMT Standard Time,2022-02-26,16:01:46,0,1009357757219266560,mbrae3,MBrae,,in,[],[],[],0,0,0,"['defi', 'link', 'uni', 'aave', 'snx', 'comp', 'sushi', 'yfi', 'defi', 'analysis']",[],https://twitter.com/MBrae3/status/1497602798854320132,FALSE,,0,,,,,,,,[],,,,,#DeFi changes 1 hrüìà  #LINK 0.07 %; RSI 14: 64.0 #UNI -0.33 %; RSI 14: 52.28 #AAVE 0.02 %; RSI 14: 52.11 #SNX 0.0 %; RSI 14: 49.12 #COMP 0.26 %; RSI 14: 58.34 #SUSHI -0.6 %; RSI 14: 54.88 #YFI -0.44 %; RSI 14: 57.6 #defi #analysis,0
34,1497587719849000962,1497587719849000962,2022-02-26 15:01:50 GMT Standard Time,2022-02-26,15:01:50,0,1009357757219266560,mbrae3,MBrae,,in,[],[],[],0,0,1,"['defi', 'link', 'uni', 'aave', 'snx', 'comp', 'sushi', 'yfi', 'defi', 'analysis']",[],https://twitter.com/MBrae3/status/1497587719849000962,FALSE,,0,,,,,,,,[],,,,,#DeFi changes 1 hrüìà  #LINK 1.31 %; RSI 14: 63.37 #UNI 0.44 %; RSI 14: 53.8 #AAVE 0.23 %; RSI 14: 52.32 #SNX 0.51 %; RSI 14: 48.55 #COMP 0.27 %; RSI 14: 56.98 #SUSHI 1.22 %; RSI 14: 57.03 #YFI 0.22 %; RSI 14: 62.22 #defi #analysis,0
36,1497587073364029443,1497587073364029443,2022-02-26 14:59:16 GMT Standard Time,2022-02-26,14:59:16,0,1485936452785655816,algocryptom,Crypto Momentum,,en,[],[],[],0,0,0,"['kucoin', 'crypto', 'algo', 'aave']","['aave', 'usdt']",https://twitter.com/AlgocryptoM/status/1497587073364029443,FALSE,,0,,,,,,,,[],,,,,üî• New Algo detection: AAVE/USDT üî•  üïõ 02-26-2022 14:59:16 üöÄ $AAVE üìà Current Price: 138.309 $USDT ‚è© Exchange: #Kucoin  No Investment Advice. Follow us on Twitter. #Crypto #Algo #AAVE,0
37,1497579708330004486,1497579708330004486,2022-02-26 14:30:00 GMT Standard Time,2022-02-26,14:30:00,0,1489533395067494407,versemeta888,versemeta,,en,[],['https://ftx.com/referrals#a=85398162'],[],0,0,0,"['ksm', 'theta', 'aave', 'atom', 'btt', 'crypto']",[],https://twitter.com/versemeta888/status/1497579708330004486,FALSE,,0,,,,,,,,[],,,,,‚¨áÔ∏è Top losers of the last hour (Out of Top 100) üìâ  üî¥ #KSM $127.2940 üìâ -1.48085727%  üî¥ #THETA $2.8364 üìâ -0.8517393%  üî¥ #AAVE $137.5602 üìâ -0.76593683%  üî¥ #ATOM $28.9550 üìâ -0.75425192%  üî¥ #BTT $0.0000 üìâ -0.680258%  Trade #crypto on FTX  https://t.co/mYiDBXeBmw,0
39,1497576148133371909,1497576148133371909,2022-02-26 14:15:51 GMT Standard Time,2022-02-26,14:15:51,0,1482741482725457923,meanlngfulqu,Meaningful Quotes üíö,,en,[],['https://aax.com/invite/sign-up?inviteCode=Mkn0Nu9QgLm2'],[],4,1,1,"['crypto', 'bitcoin', 'btc', 'binance', 'exchange', 'solana', 'avax', 'aave', 'ethereum']","['shib', 'floki', 'doge', 'elon', 'btc', 'eth', 'etc', 'ufo', 'defi']",https://twitter.com/MeanlngfulQu/status/1497576148133371909,FALSE,,0,,,,,,,,[],,,,,"AAX gives you a 50 USDT reward,Come and get it: (seriously not a clickbait)  https://t.co/jFoGLdq0yb  #crypto #bitcoin #btc #binance #exchange #solana #avax #aave #ethereum $shib $floki $doge $elon $btc $eth $etc $ufo $defi",0
41,1497572557570125825,1497572557570125825,2022-02-26 14:01:35 GMT Standard Time,2022-02-26,14:01:35,0,1009357757219266560,mbrae3,MBrae,,in,[],[],[],0,0,1,"['defi', 'link', 'uni', 'aave', 'snx', 'comp', 'sushi', 'yfi', 'defi', 'analysis']",[],https://twitter.com/MBrae3/status/1497572557570125825,FALSE,,0,,,,,,,,[],,,,,#DeFi changes 1 hrüìà  #LINK 0.0 %; RSI 14: 59.24 #UNI 0.55 %; RSI 14: 51.68 #AAVE 0.3 %; RSI 14: 51.33 #SNX 0.51 %; RSI 14: 46.95 #COMP 0.56 %; RSI 14: 54.86 #SUSHI 0.92 %; RSI 14: 52.58 #YFI 0.09 %; RSI 14: 61.39 #defi #analysis,0
42,1497557468297281545,1497557468297281545,2022-02-26 13:01:38 GMT Standard Time,2022-02-26,13:01:38,0,1009357757219266560,mbrae3,MBrae,,in,[],[],[],0,0,0,"['defi', 'link', 'uni', 'aave', 'snx', 'comp', 'sushi', 'yfi', 'defi', 'analysis']",[],https://twitter.com/MBrae3/status/1497557468297281545,FALSE,,0,,,,,,,,[],,,,,#DeFi changes 1 hrüìà  #LINK 0.21 %; RSI 14: 59.49 #UNI 0.11 %; RSI 14: 50.77 #AAVE 0.27 %; RSI 14: 52.1 #SNX 0.0 %; RSI 14: 44.42 #COMP -0.12 %; RSI 14: 53.49 #SUSHI 0.62 %; RSI 14: 50.16 #YFI 0.13 %; RSI 14: 61.02 #defi #analysis,0
43,1497557158363561985,1497557158363561985,2022-02-26 13:00:24 GMT Standard Time,2022-02-26,13:00:24,0,19102887,agrawal_raj,Raj Agrawal,,en,[],['https://twitter.com/Agrawal_Raj/status/1396011994025664513'],[],1,0,0,"['crypto', 'waves', 'bittorrent', 'tron', 'frax', 'aave', 'harmony', 'wrapped']",[],https://twitter.com/Agrawal_Raj/status/1497557158363561985,FALSE,https://twitter.com/Agrawal_Raj/status/1396011994025664513,0,,,,,,,,[],,,,,#Crypto: Volume movers  #Waves $11.21(‚áë12.27%) #BitTorrent $0.0(‚áì45.71%) #TRON $0.06(‚áì4.88%) #Frax Share $20.14(‚áë7.43%) #Aave $137.71(‚áë5.57%) #Harmony $0.16(‚áë17.36%) #Wrapped Bi $39086.25(‚áì0.96%)   https://t.co/vl4PEew7Gt,0
44,1497549507608956928,1497549507608956928,2022-02-26 12:30:00 GMT Standard Time,2022-02-26,12:30:00,0,1489533395067494407,versemeta888,versemeta,,en,[],['https://ftx.com/referrals#a=85398162'],[],0,0,1,"['kda', 'aave', 'celo', 'egld', 'hnt', 'crypto']",[],https://twitter.com/versemeta888/status/1497549507608956928,FALSE,,0,,,,,,,,[],,,,,‚¨áÔ∏è Top losers of the last hour (Out of Top 100) üìâ  üî¥ #KDA $6.4076 üìâ -1.43542893%  üî¥ #AAVE $136.9991 üìâ -1.30448006%  üî¥ #CELO $2.3671 üìâ -1.23908557%  üî¥ #EGLD $143.1917 üìâ -1.19323488%  üî¥ #HNT $23.9008 üìâ -1.15961608%  Trade #crypto on FTX  https://t.co/mYiDBXeBmw,0
45,1497542425405014020,1497542425405014020,2022-02-26 12:01:51 GMT Standard Time,2022-02-26,12:01:51,0,1009357757219266560,mbrae3,MBrae,,in,[],[],[],0,0,0,"['defi', 'link', 'uni', 'aave', 'snx', 'comp', 'sushi', 'yfi', 'defi', 'analysis']",[],https://twitter.com/MBrae3/status/1497542425405014020,FALSE,,0,,,,,,,,[],,,,,#DeFi changes 1 hrüìà  #LINK 0.42 %; RSI 14: 59.01 #UNI -0.87 %; RSI 14: 49.92 #AAVE -2.0 %; RSI 14: 49.72 #SNX -0.76 %; RSI 14: 45.62 #COMP -0.81 %; RSI 14: 53.65 #SUSHI -1.22 %; RSI 14: 47.5 #YFI 0.18 %; RSI 14: 58.02 #defi #analysis,0
46,1497542341779161090,1497542341779161090,2022-02-26 12:01:31 GMT Standard Time,2022-02-26,12:01:31,0,1115823201316110336,stakesportsbet,Stake Sports Betting Tips,,en,[],['https://stake.com/sports/home?iid=sport:26705576&modal=bet&c=tip'],['https://pbs.twimg.com/media/FMhW0mhaQAIOq8M.png'],0,0,0,"['brentfordfc', 'newcastleunitedfc', 'aave', 'parlay']",[],https://twitter.com/stakesportsbet/status/1497542341779161090,FALSE,,1,https://pbs.twimg.com/media/FMhW0mhaQAIOq8M.png,,,,,,,[],,,,,Brentford FC - Newcastle United FC  Bet slip link:  https://t.co/Qq17nEdhfn  #BrentfordFC #NewcastleUnitedFC #aave #parlay  https://t.co/cZb57VwzW6,0
47,1497541961972129796,1497541961972129796,2022-02-26 12:00:01 GMT Standard Time,2022-02-26,12:00:01,0,1420948278879801350,moon_or_earth,Moon or Earth,,no,[],[],[],1,0,1,"['cryptocurrency', 'kp3r', 'cfx', 'aave', 'utk', 'people']",[],https://twitter.com/moon_or_earth/status/1497541961972129796,FALSE,,0,,,,,,,,[],,,,,top down #cryptocurrency in last 15 minute :  #KP3R  720.09 | 705.31 USDT (-2.05%) #CFX  0.1644 | 0.1619 USDT (-1.52%) #AAVE  138.9 | 136.9 USDT (-1.44%) #UTK  0.2159 | 0.2128 USDT (-1.44%) #PEOPLE  0.0728 | 0.0718 USDT (-1.37%)  down to earth? [26-02-2022 12:00 Z],0
48,1497541336031203333,1497541336031203333,2022-02-26 11:57:32 GMT Standard Time,2022-02-26,11:57:32,0,1495015555283120130,abnormal_crypto,Crypto Volume,,en,[],[],['https://pbs.twimg.com/media/FMhV6MOWQAM_4X0.png'],0,0,0,"['aaveusdt', 'crypto', 'whale', 'btc', 'eth', 'aave']",['aave'],https://twitter.com/abnormal_crypto/status/1497541336031203333,FALSE,,1,https://pbs.twimg.com/media/FMhV6MOWQAM_4X0.png,,,,,,,[],,,,,"#AAVEUSDT Bear Alert!  15X Volume Price:      136.8 5-min %: -0.87% Volume:  $651,894   #crypto #whale #btc #eth #AAVE $AAVE  https://t.co/Z51KoN4BbI",-1
49,1497541232599437313,1497541232599437313,2022-02-26 11:57:07 GMT Standard Time,2022-02-26,11:57:07,0,1307851249568550912,tradewr,TradeWR #ETH #1K,,en,[],[],[],0,0,0,"['aave', 'binance', 'trade', 'signals', 'long']",['aave'],https://twitter.com/TradeWR/status/1497541232599437313,FALSE,,0,,,,,,,,[],,,,,‚ö°‚ö° #AAVE/USDT ‚ö°‚ö°  Signal Type:LONG Algorithm:AlphaL Entry : 136.47 Take-Profit: 137.152 Stop: 135.078  $AAVE #Binance #Trade #Signals #LONG,0
50,1497541162839728133,1497541162839728133,2022-02-26 11:56:50 GMT Standard Time,2022-02-26,11:56:50,0,1495015555283120130,abnormal_crypto,Crypto Volume,,en,[],[],['https://pbs.twimg.com/media/FMhVwIXXEAICb5I.png'],0,0,0,"['aaveusdt', 'crypto', 'whale', 'btc', 'eth', 'aave']",['aave'],https://twitter.com/abnormal_crypto/status/1497541162839728133,FALSE,,1,https://pbs.twimg.com/media/FMhVwIXXEAICb5I.png,,,,,,,[],,,,,"#AAVEUSDT Bear Alert!  10X Volume Price:      136.7 5-min %: -0.94% Volume:  $451,475   #crypto #whale #btc #eth #AAVE $AAVE  https://t.co/lGAXXZOapT",-1
51,1497540982862143491,1497540982862143491,2022-02-26 11:56:07 GMT Standard Time,2022-02-26,11:56:07,0,1307851249568550912,tradewr,TradeWR #ETH #1K,,en,[],[],[],0,0,0,"['aave', 'binance', 'trade', 'signals', 'long']",['aave'],https://twitter.com/TradeWR/status/1497540982862143491,FALSE,,0,,,,,,,,[],,,,,‚ö°‚ö° #AAVE/USDT ‚ö°‚ö°  Signal Type:LONG Algorithm:AlphaL Entry : 137.82 Take-Profit: 138.509 Stop: 136.414  $AAVE #Binance #Trade #Signals #LONG,0
52,1497539719105851392,1497539719105851392,2022-02-26 11:51:06 GMT Standard Time,2022-02-26,11:51:06,0,830591559099936770,traderrainyt,Rain,,en,[],['https://share.trendspider.com/chart/BINANCEFTS_AAVEUSDT/469203s5iqy'],[],0,1,8,"['aave', 'cryptocurrency']",['aave'],https://twitter.com/TraderRainYT/status/1497539719105851392,FALSE,,0,,,,,,,,[],,,,,"$AAVE [Daily chart]  #AAVE #cryptocurrency   Want to break weekly level to achieve any higher, looks like we have a monthly level all the way at $82    https://t.co/Pdg0YEm6a8",0
54,1497527241256976391,1497527241256976391,2022-02-26 11:01:31 GMT Standard Time,2022-02-26,11:01:31,0,1009357757219266560,mbrae3,MBrae,,in,[],[],[],0,0,0,"['defi', 'link', 'uni', 'aave', 'snx', 'comp', 'sushi', 'yfi', 'defi', 'analysis']",[],https://twitter.com/MBrae3/status/1497527241256976391,FALSE,,0,,,,,,,,[],,,,,#DeFi changes 1 hrüìà  #LINK 0.77 %; RSI 14: 56.85 #UNI 0.99 %; RSI 14: 52.55 #AAVE 0.9 %; RSI 14: 55.64 #SNX 0.25 %; RSI 14: 47.4 #COMP 0.56 %; RSI 14: 58.4 #SUSHI 0.92 %; RSI 14: 51.72 #YFI 0.82 %; RSI 14: 58.71 #defi #analysis,0
55,1497515810901872643,1497515810901872643,2022-02-26 10:16:06 GMT Standard Time,2022-02-26,10:16:06,0,371027604,andrewgriuk,Andrew Griffiths,,en,[],[],"['https://pbs.twimg.com/media/FMg-sBDXsAA6iWs.jpg', 'https://pbs.twimg.com/media/FMg-samXEAIKi1l.jpg']",0,0,0,"['aave', 'aaveusdt']",[],https://twitter.com/AndrewGriUK/status/1497515810901872643,FALSE,,1,https://pbs.twimg.com/media/FMg-sBDXsAA6iWs.jpg,,,,,,,[],,,,,"#AAVE Is Pattern Head-Shoulders Formed?   If it is formed, then we can open a short position now!   Entry: 140  TP: 126  SL: 147   This is not advice Trading.   #AAVEUSDT  https://t.co/sFpkOaYHOQ",0
56,1497512157742866441,1497512157742866441,2022-02-26 10:01:35 GMT Standard Time,2022-02-26,10:01:35,0,1009357757219266560,mbrae3,MBrae,,in,[],[],[],0,0,0,"['defi', 'link', 'uni', 'aave', 'snx', 'comp', 'sushi', 'yfi', 'defi', 'analysis']",[],https://twitter.com/MBrae3/status/1497512157742866441,FALSE,,0,,,,,,,,[],,,,,#DeFi changes 1 hrüìà  #LINK 0.56 %; RSI 14: 54.6 #UNI -0.11 %; RSI 14: 49.29 #AAVE -0.37 %; RSI 14: 53.96 #SNX -0.25 %; RSI 14: 45.79 #COMP -0.14 %; RSI 14: 55.59 #SUSHI 0.0 %; RSI 14: 48.64 #YFI -0.63 %; RSI 14: 54.72 #defi #analysis,0
57,1497511828288868353,1497511828288868353,2022-02-26 10:00:16 GMT Standard Time,2022-02-26,10:00:16,0,19102887,agrawal_raj,Raj Agrawal,,en,[],['https://twitter.com/Agrawal_Raj/status/1396011994025664513'],[],0,0,1,"['crypto', 'waves', 'bittorrent', 'tron', 'frax', 'frax', 'aave', 'amp']",[],https://twitter.com/Agrawal_Raj/status/1497511828288868353,FALSE,https://twitter.com/Agrawal_Raj/status/1396011994025664513,0,,,,,,,,[],,,,,#Crypto: Volume movers  #Waves $11.29(‚áë19.93%) #BitTorrent $0.0(‚áì55.25%) #TRON $0.06(‚áì3.05%) #Frax $1.0(‚áì0.08%) #Frax Share $20.18(‚áë8.76%) #Aave $138.68(‚áë11.19%) #AMP Token $0.03(‚áë4.21%)   https://t.co/vl4PEew7Gt,0
58,1497511822689071105,1497511822689071105,2022-02-26 10:00:15 GMT Standard Time,2022-02-26,10:00:15,0,19102887,agrawal_raj,Raj Agrawal,,en,[],['https://twitter.com/Agrawal_Raj/status/1396011994025664513'],[],0,0,1,"['crypto', 'bittorrent', 'waves', 'harmony', 'terra', 'cosmos', 'aave', 'polkadot']",[],https://twitter.com/Agrawal_Raj/status/1497511822689071105,FALSE,https://twitter.com/Agrawal_Raj/status/1396011994025664513,0,,,,,,,,[],,,,,#Crypto: Price movers  #BitTorrent $0.0(‚áì55.25%) #Waves $11.29(‚áë19.93%) #Harmony $0.15(‚áë19.06%) #Terra $75.58(‚áë16.19%) #Cosmos $28.33(‚áë14.3%) #Aave $138.68(‚áë11.19%) #Polkadot $17.77(‚áë10.66%)   https://t.co/vl4PEedYsl,0
59,1497504447315935233,1497504447315935233,2022-02-26 09:30:57 GMT Standard Time,2022-02-26,09:30:57,0,1254383580215681024,blockgates,BlockGates,,en,[],[],"['https://pbs.twimg.com/media/FMg0W2QXMAMKh3P.jpg', 'https://pbs.twimg.com/media/FMg0W2PWYAMh1Zg.jpg']",4,3,19,"['plsx', 'pls', 'bonus', 'matic', 'eth', 'btc', 'cryptotrading', 'avax', '1inch', 'aave', 'altcoin']",[],https://twitter.com/BlockGates/status/1497504447315935233,FALSE,,1,https://pbs.twimg.com/media/FMg0W2QXMAMKh3P.jpg,,,,,,,[],,,,,A whopping $$$ multi billion dollars sac phase just ended.  what‚Äôs next?  stay tuned more alerts coming your way.  #plsx #pls #Bonus #matic #eth #btc #cryptotrading #AVAX #1inch #AAVE #altcoin  https://t.co/YgmH3dcUv4,0
60,1497497071196200962,1497497071196200962,2022-02-26 09:01:38 GMT Standard Time,2022-02-26,09:01:38,0,1009357757219266560,mbrae3,MBrae,,in,[],[],[],0,0,0,"['defi', 'link', 'uni', 'aave', 'snx', 'comp', 'sushi', 'yfi', 'defi', 'analysis']",[],https://twitter.com/MBrae3/status/1497497071196200962,FALSE,,0,,,,,,,,[],,,,,#DeFi changes 1 hrüìà  #LINK -2.14 %; RSI 14: 53.42 #UNI -1.63 %; RSI 14: 49.25 #AAVE -1.9 %; RSI 14: 55.89 #SNX -1.49 %; RSI 14: 46.97 #COMP -0.78 %; RSI 14: 56.5 #SUSHI -1.52 %; RSI 14: 48.74 #YFI -0.61 %; RSI 14: 59.39 #defi #analysis,0
61,1497496783110373377,1497496783110373377,2022-02-26 09:00:29 GMT Standard Time,2022-02-26,09:00:29,0,1118470395370164225,nao_onehundred,Nao@‰ªÆÊÉ≥ÈÄöË≤®ÊäïË≥á‰∏≠‚ô°,,ja,[],['http://bit.ly/354Xj6q'],[],0,0,0,"['‰ªÆÊÉ≥ÈÄöË≤®', 'ftm', 'ksm', 'rose', 'celo', 'near', 'one', 'waves', 'atom', 'aave', 'ftm', 'ÔæãÔæûÔΩØÔæÑÔΩ∫ÔΩ≤Ôæù', 'feebitcoin']",[],https://twitter.com/nao_onehundred/status/1497496783110373377,FALSE,,0,,,,,,,,[],,,,,‚úÖ #‰ªÆÊÉ≥ÈÄöË≤® ‰∏äÊòáÁéá‚úÖ ÂØæË±°ÊôÇ‰æ°Á∑èÈ°ç:1-100‰Ωç 1ÊôÇÈñì #FTM 2.9944% #KSM 2.9521% #ROSE 2.467% #CELO 2.4369% #NEAR 2.4038% 24ÊôÇÈñì #ONE 22.94% #WAVES 21.42% #ATOM 14.92% #AAVE 14.5% #FTM 14.05% #ÔæãÔæûÔΩØÔæÑÔΩ∫ÔΩ≤Ôæù „ÅåË≤∞„Åà„Çã #feebitcoin „ÅØ„Åì„Å°„ÇâüîΩ  https://t.co/eWQjbdjeLY,0
62,1497496672670265349,1497496672670265349,2022-02-26 09:00:03 GMT Standard Time,2022-02-26,09:00:03,0,1264904581399678976,cryptoexpbot,CRYPTO EXPLORER BOT üëæ,,en,[],[],[],0,0,0,"['aave', 'atom', 'waves', 'one']",[],https://twitter.com/cryptoexpbot/status/1497496672670265349,FALSE,,0,,,,,,,,[],,,,,üî• WARM REPORT üî•  üïì 24h VARIATION:  #AAVE +11.93% | Price : 139.14$ #ATOM +12.87% | Price : 27.86$ #WAVES +19.01% | Price : 11.22$ #ONE +19.11% | Price : 0.151$,0
63,1497491731595788290,1497491731595788290,2022-02-26 08:40:25 GMT Standard Time,2022-02-26,08:40:25,0,1115823201316110336,stakesportsbet,Stake Sports Betting Tips,,en,[],['https://stake.com/sports/home?iid=sport:26696912&modal=bet&c=tip'],['https://pbs.twimg.com/media/FMgoyttVcAQZkUP.png'],0,0,1,"['g2esports', 'natusvincere', 'aave', 'sportsbettingadvice']",[],https://twitter.com/stakesportsbet/status/1497491731595788290,FALSE,,1,https://pbs.twimg.com/media/FMgoyttVcAQZkUP.png,,,,,,,[],,,,,G2 Esports - Natus Vincere  Bet slip link:  https://t.co/HFKUyZJXNU  #G2Esports #NatusVincere #aave #sportsbettingadvice  https://t.co/VoNFskuPoH,0
64,1497490650979356674,1497490650979356674,2022-02-26 08:36:07 GMT Standard Time,2022-02-26,08:36:07,0,1307851249568550912,tradewr,TradeWR #ETH #1K,,en,[],[],[],0,0,0,"['aave', 'binance', 'trade', 'signals', 'long']",['aave'],https://twitter.com/TradeWR/status/1497490650979356674,FALSE,,0,,,,,,,,[],,,,,‚ö°‚ö° #AAVE/USDT ‚ö°‚ö°  Signal Type:LONG Algorithm:AlphaL Entry : 140.62 Take-Profit: 141.323 Stop: 139.186  $AAVE #Binance #Trade #Signals #LONG,0
65,1497489533797122051,1497489533797122051,2022-02-26 08:31:41 GMT Standard Time,2022-02-26,08:31:41,0,2921713995,lizard0084,lizard.eth,,en,[],[],[],1,0,0,"['aave', 'crypto', 'investing', 'cryptocurrency', 'defi']",[],https://twitter.com/lizard0084/status/1497489533797122051,FALSE,,0,,,,,,,,[],,,,,#AAVE is picking up pace after 6-month slump. Biggest platform for #crypto lending. I expect big things in this year for this project. #investing #cryptocurrency #DeFi,1
66,1497484216208334848,1497484216208334848,2022-02-26 08:10:33 GMT Standard Time,2022-02-26,08:10:33,0,1494843769522638851,trackerdefi,üìä DeFi Liquidation Tracker üí∞,,en,"[{'screen_name': 'aaveaave', 'name': 'aave', 'id': '867100084248469505'}]",[],['https://pbs.twimg.com/media/FMgh9WGaQAAJG9K.jpg'],0,0,0,"['ethereum', 'aave', 'bitcoin', 'cryptonews', 'defi', 'cryptocurrecy']",[],https://twitter.com/TrackerDefi/status/1497484216208334848,FALSE,,1,https://pbs.twimg.com/media/FMgh9WGaQAAJG9K.jpg,,,,,,,[],,,,,"JUST IN: A total of $ 51K has been liquidated from @AaveAave v2 in the past 24 hours,with #Ethereum being the largest liquidated collaterals.  #AAVE #Bitcoin #CryptoNews #DeFi #cryptocurrecy  https://t.co/FKiaKO2FDW",-1
67,1497481954232569862,1497481954232569862,2022-02-26 08:01:34 GMT Standard Time,2022-02-26,08:01:34,0,1009357757219266560,mbrae3,MBrae,,in,[],[],[],0,0,0,"['defi', 'link', 'uni', 'aave', 'snx', 'comp', 'sushi', 'yfi', 'defi', 'analysis']",[],https://twitter.com/MBrae3/status/1497481954232569862,FALSE,,0,,,,,,,,[],,,,,#DeFi changes 1 hrüìà  #LINK 0.69 %; RSI 14: 61.75 #UNI 0.88 %; RSI 14: 55.77 #AAVE 1.5 %; RSI 14: 62.14 #SNX 1.01 %; RSI 14: 51.76 #COMP 0.42 %; RSI 14: 60.99 #SUSHI 0.92 %; RSI 14: 54.15 #YFI 0.41 %; RSI 14: 62.04 #defi #analysis,0
68,1497481641652015105,1497481641652015105,2022-02-26 08:00:19 GMT Standard Time,2022-02-26,08:00:19,0,1264904581399678976,cryptoexpbot,CRYPTO EXPLORER BOT üëæ,,en,[],[],[],0,0,0,"['aave', 'atom', 'one', 'waves']",[],https://twitter.com/cryptoexpbot/status/1497481641652015105,FALSE,,0,,,,,,,,[],,,,,üî• WARM REPORT üî•  üïì 24h VARIATION:  #AAVE +12.86% | Price : 141.34$ #ATOM +13.88% | Price : 28.11$ #ONE +19.07% | Price : 0.153$ #WAVES +19.38% | Price : 11.54$,0
69,1497479567602188289,1497479567602188289,2022-02-26 07:52:05 GMT Standard Time,2022-02-26,07:52:05,0,1461176049903964161,onebitresearch,Onebit Research,,en,[],[],['https://pbs.twimg.com/media/FMgawSKUYAM-rzW.jpg'],0,0,2,"['xrd', 'one', 'waves', 'ftm', 'atom', 'fxs', 'juno', 'aave', 'stc', 'omicron']",[],https://twitter.com/OnebitResearch/status/1497479567602188289,FALSE,,1,https://pbs.twimg.com/media/FMgawSKUYAM-rzW.jpg,,,,,,,[],,,,,"Top 10 gainers in the last 24 hours  ü•á#XRD 16,7%  ü•à#ONE 16,22%  ü•â#WAVES 16%  #FTM #ATOM #FXS #JUNO #AAVE #STC #Omicron   üöÄWhich project are you investing in?  https://t.co/nxZ1TQl56V",0
70,1497478660105949184,1497478660105949184,2022-02-26 07:48:29 GMT Standard Time,2022-02-26,07:48:29,0,1228922717350567936,itejck,Tejck ü•∑‚ù§Ô∏èüåéüí•üöÄ üöÄ üåö,,in,"[{'screen_name': 'shib_nobi', 'name': 'shibnobi', 'id': '1454415315673227267'}]",[],['https://pbs.twimg.com/media/FMgc5ZZXMAEfa04.jpg'],5,11,15,"['paidinbitcoin', 'paidinshinja', 'shinja', 'shinjaisthenext1000xgem', 'aave', 'bep20', 'timessquare', 'saitama', 'shib', 'trendz', 'trending', 'ta', 'techtwitter', 'technology', 'trades', 'defi3', 'defi', 'opensea', 'openseanft', 'openseantf', 'points', 'giveaway', 'blockchain', 'ethereum', 'eth', 'metamask']",['shinja'],https://twitter.com/itejck/status/1497478660105949184,FALSE,,1,https://pbs.twimg.com/media/FMgc5ZZXMAEfa04.jpg,,,,,,,[],,,,,#paidinbitcoin #PaidInSHINJA @Shib_nobi $SHiNJA #SHINJA #ShinjaIsTheNext1000XGem  #AAVE #BEP20 #TimesSquare #Saitama #SHIB #TRENDZ #Trending #TA #techtwitter #technology #Trades #DeFi3 #DeFi #opensea #OpenSeaNFT #OpenSeaNTF #points #Giveaway #blockchain #Ethereum #ETH #Metamask  https://t.co/gGfJQXrzTA,0
71,1497466876263378946,1497466876263378946,2022-02-26 07:01:39 GMT Standard Time,2022-02-26,07:01:39,0,1009357757219266560,mbrae3,MBrae,,in,[],[],[],2,0,0,"['defi', 'link', 'uni', 'aave', 'snx', 'comp', 'sushi', 'yfi', 'defi', 'analysis']",[],https://twitter.com/MBrae3/status/1497466876263378946,FALSE,,0,,,,,,,,[],,,,,#DeFi changes 1 hrüìà  #LINK 0.14 %; RSI 14: 59.96 #UNI 0.0 %; RSI 14: 53.04 #AAVE -0.65 %; RSI 14: 59.32 #SNX 0.0 %; RSI 14: 48.11 #COMP 0.12 %; RSI 14: 59.31 #SUSHI -0.3 %; RSI 14: 50.77 #YFI 0.23 %; RSI 14: 60.67 #defi #analysis,0
72,1497466809565409280,1497466809565409280,2022-02-26 07:01:23 GMT Standard Time,2022-02-26,07:01:23,0,1118470395370164225,nao_onehundred,Nao@‰ªÆÊÉ≥ÈÄöË≤®ÊäïË≥á‰∏≠‚ô°,,ja,[],['http://bit.ly/354Xj6q'],[],0,0,1,"['‰ªÆÊÉ≥ÈÄöË≤®', 'egld', 'nexo', 'mkr', 'qnt', 'leo', 'one', 'waves', 'ftm', 'atom', 'aave', 'ÔæãÔæûÔΩØÔæÑÔΩ∫ÔΩ≤Ôæù', 'feebitcoin']",[],https://twitter.com/nao_onehundred/status/1497466809565409280,FALSE,,0,,,,,,,,[],,,,,‚úÖ #‰ªÆÊÉ≥ÈÄöË≤® ‰∏äÊòáÁéá‚úÖ ÂØæË±°ÊôÇ‰æ°Á∑èÈ°ç:1-100‰Ωç 1ÊôÇÈñì #EGLD 1.0688% #NEXO 0.3864% #MKR 0.2552% #QNT 0.1565% #LEO 0.1353% 24ÊôÇÈñì #ONE 17.95% #WAVES 14.82% #FTM 13.16% #ATOM 12.74% #AAVE 12.44% #ÔæãÔæûÔΩØÔæÑÔΩ∫ÔΩ≤Ôæù „ÅåË≤∞„Åà„Çã #feebitcoin „ÅØ„Åì„Å°„ÇâüîΩ  https://t.co/eWQjbdjeLY,0
73,1497466484708319237,1497466484708319237,2022-02-26 07:00:06 GMT Standard Time,2022-02-26,07:00:06,0,1264904581399678976,cryptoexpbot,CRYPTO EXPLORER BOT üëæ,,en,[],[],[],0,0,0,"['aave', 'atom', 'waves', 'one']",[],https://twitter.com/cryptoexpbot/status/1497466484708319237,FALSE,,0,,,,,,,,[],,,,,üî• WARM REPORT üî•  üïì 24h VARIATION:  #AAVE +11.31% | Price : 139.98$ #ATOM +12.27% | Price : 27.79$ #WAVES +16.75% | Price : 11.32$ #ONE +17.08% | Price : 0.151$,0
74,1497464770173317121,1497464770173317121,2022-02-26 06:53:17 GMT Standard Time,2022-02-26,06:53:17,0,1393114714889150465,coinforecastorg,coinforecast.org,,en,[],['https://coinforecast.org/en/swap-market-capitalization/avax/aave'],['https://pbs.twimg.com/media/FMgQRcuXwAEe1pG.png'],0,0,0,"['aave', 'avalanche', 'avax', 'aave']",[],https://twitter.com/CoinforecastOrg/status/1497464770173317121,FALSE,,1,https://pbs.twimg.com/media/FMgQRcuXwAEe1pG.png,,,,,,,[],,,,,"ü§ì Fun Fact ü§ì What would one #AAVE cost if it had the market capitalization of #Avalanche #AVAX? Unbelievable but true, one #Aave would cost $1,439.53 ü•∞. See üëÅÔ∏è   https://t.co/EKCnQeYa41  https://t.co/XUpBHXkM5g",0
75,1497455164256567297,1497455164256567297,2022-02-26 06:15:07 GMT Standard Time,2022-02-26,06:15:07,0,1208621831328018432,dca_cryptoz,Trader Fred,,en,[],['https://www.cryptosbulls.com/scan.php'],[],2,1,2,"['altcoins', 'fantom', 'anchorprotocol', 'ethereum', 'polkadot', 'aave']","['ftm', 'anc', 'eth', 'dot', 'aave']",https://twitter.com/DCA_Cryptoz/status/1497455164256567297,FALSE,,0,,,,,,,,[],,,,,"#Altcoins showing strength [Med-High time frame Targets]  1. $FTM #Fantom =&gt; $2.05üî• 2. $ANC #AnchorProtocol =&gt; $5.95üî• 3. $ETH #Ethereum =&gt; $3,864.99üî• 4. $DOT #Polkadot =&gt; $29.08üî• 5. $AAVE #Aave =&gt; $195.74üî•  The market is üöÄüöÄüöÄ  visit  https://t.co/UfkqxnNKnz",1
76,1497451769735294978,1497451769735294978,2022-02-26 06:01:37 GMT Standard Time,2022-02-26,06:01:37,0,1447922091098054659,aarnasays,aarn√¢,,en,[],[],[],0,0,0,['aave'],[],https://twitter.com/aarnasays/status/1497451769735294978,FALSE,,0,,,,,,,,[],,,,,#Aave price has increased by 11.83% in last 24hr. Current price is $140.17 and market cap is $2b.,1
77,1497451721592819712,1497451721592819712,2022-02-26 06:01:26 GMT Standard Time,2022-02-26,06:01:26,0,1009357757219266560,mbrae3,MBrae,,in,[],[],[],2,0,1,"['defi', 'link', 'uni', 'aave', 'snx', 'comp', 'sushi', 'yfi', 'defi', 'analysis']",[],https://twitter.com/MBrae3/status/1497451721592819712,FALSE,,0,,,,,,,,[],,,,,#DeFi changes 1 hrüìà  #LINK -1.37 %; RSI 14: 59.75 #UNI -2.04 %; RSI 14: 53.2 #AAVE -1.05 %; RSI 14: 61.77 #SNX -1.97 %; RSI 14: 49.42 #COMP -1.31 %; RSI 14: 58.63 #SUSHI -2.38 %; RSI 14: 53.19 #YFI -0.79 %; RSI 14: 59.8 #defi #analysis,0
79,1497436682173435905,1497436682173435905,2022-02-26 05:01:40 GMT Standard Time,2022-02-26,05:01:40,0,1009357757219266560,mbrae3,MBrae,,in,[],[],[],1,0,1,"['defi', 'link', 'uni', 'aave', 'snx', 'comp', 'sushi', 'yfi', 'defi', 'analysis']",[],https://twitter.com/MBrae3/status/1497436682173435905,FALSE,,0,,,,,,,,[],,,,,#DeFi changes 1 hrüìà  #LINK 0.14 %; RSI 14: 65.68 #UNI 0.21 %; RSI 14: 60.72 #AAVE 0.69 %; RSI 14: 65.17 #SNX 0.5 %; RSI 14: 54.57 #COMP 0.61 %; RSI 14: 64.91 #SUSHI 0.3 %; RSI 14: 62.96 #YFI 0.53 %; RSI 14: 64.25 #defi #analysis,0
80,1497436543061045252,1497436543061045252,2022-02-26 05:01:07 GMT Standard Time,2022-02-26,05:01:07,0,1208621831328018432,dca_cryptoz,Trader Fred,,en,[],[],[],1,0,0,"['defi', 'aave']",['aave'],https://twitter.com/DCA_Cryptoz/status/1497436543061045252,FALSE,,0,,,,,,,,[],,,,,#Defi Market Current Trend: DN üìâ  Defi Performance 7 Day:Weak 30 Day:Weak 90 Day:Strong  Against the market #Aave $AAVE looks Choppy Dollar cost averaging in,-1
82,1497428733384347650,1497428733384347650,2022-02-26 04:30:05 GMT Standard Time,2022-02-26,04:30:05,0,1489533395067494407,versemeta888,versemeta,,en,[],['https://ftx.com/referrals#a=85398162'],[],1,0,1,"['etc', 'kcs', 'aave', 'ada', 'ftm', 'crypto']",[],https://twitter.com/versemeta888/status/1497428733384347650,FALSE,,0,,,,,,,,[],,,,,üîù Top gainers of the last hour (Out of Top 100) üìà  ü•á #ETC $29.4627 üìà 2.00966766%  ü•à #KCS $19.5328 üìà 1.51773158%  ü•â #AAVE $141.9829 üìà 1.25430166%  4Ô∏è‚É£  #ADA $0.9237 üìà 1.07500277%  5Ô∏è‚É£  #FTM $1.7382 üìà 0.92320674%  Trade #crypto on FTX  https://t.co/mYiDBXeBmw,0
83,1497421545270038528,1497421545270038528,2022-02-26 04:01:31 GMT Standard Time,2022-02-26,04:01:31,0,1009357757219266560,mbrae3,MBrae,,in,[],[],[],0,0,1,"['defi', 'link', 'uni', 'aave', 'snx', 'comp', 'sushi', 'yfi', 'defi', 'analysis']",[],https://twitter.com/MBrae3/status/1497421545270038528,FALSE,,0,,,,,,,,[],,,,,#DeFi changes 1 hrüìà  #LINK -0.41 %; RSI 14: 65.87 #UNI -0.43 %; RSI 14: 60.88 #AAVE 0.11 %; RSI 14: 64.92 #SNX -0.74 %; RSI 14: 53.66 #COMP -0.66 %; RSI 14: 63.77 #SUSHI -0.3 %; RSI 14: 61.63 #YFI -0.31 %; RSI 14: 64.07 #defi #analysis,0
84,1497418694334586885,1497418694334586885,2022-02-26 03:50:12 GMT Standard Time,2022-02-26,03:50:12,0,65686874,tradingintime,CryptoInvestorüîéüíé,,en,[],[],[],2,1,0,"['terra', 'fantom', 'polkadot', 'ethereum', 'aave']","['luna', 'ftm', 'dot', 'eth', 'aave']",https://twitter.com/TradinginTime/status/1497418694334586885,FALSE,,0,,,,,,,,[],,,,,The crypto market is UPüöÄ These Alts are looking stronger  $LUNA #Terraüî• $FTM #Fantomüî• $DOT #Polkadotüî• $ETH #Ethereumüî• $AAVE #Aaveüî•  Time is your friend,1
85,1497415261833494528,1497415261833494528,2022-02-26 03:36:33 GMT Standard Time,2022-02-26,03:36:33,0,1439853616903249927,radhe9934,Btc hodlr,,en,[],[],['https://pbs.twimg.com/media/FMfjPTpVUAQI1eQ.jpg'],1,0,1,"['aave', '2omb', 'btc']",[],https://twitter.com/Radhe9934/status/1497415261833494528,FALSE,,1,https://pbs.twimg.com/media/FMfjPTpVUAQI1eQ.jpg,,,,,,,[],,,,,"New Listing, New Earnings: $260,000 Worth of ERTHA Up for Grabs: Task #1: Deposit and Earn From a $60,000 ERTHA Prize Pool  Task #2: Trade and Earn a Cut From a $80,000 ERTHA Prize Pool  Task #3: Stake and Earn a Portion of a $120,000 ERTHA Prize Pool #AAVE #2omb #BTC  https://t.co/d0FaVoyakD",0
86,1497413334370373637,1497413334370373637,2022-02-26 03:28:54 GMT Standard Time,2022-02-26,03:28:54,0,1421685130616205320,ekarat_992,Ekarat.eth,,en,[],[],['https://pbs.twimg.com/media/FMfhe1XVgAEGQaL.jpg'],0,0,1,"['charts', 'aave', 'cryptoassets', 'crypto', 'tradingsignals', 'trading']",[],https://twitter.com/ekarat_992/status/1497413334370373637,FALSE,,1,https://pbs.twimg.com/media/FMfhe1XVgAEGQaL.jpg,,,,,,,[],,,,,#charts  Imo #AAVE is at interesting point now. This jump will sellof easily but if it stays or consolidate in the range - 110-120. I will definitely buy here for the target of 220+. #cryptoassets  #Crypto  #tradingsignals  #trading  https://t.co/p8swQnMCuB,1
87,1497409877123207175,1497409877123207175,2022-02-26 03:15:09 GMT Standard Time,2022-02-26,03:15:09,0,1208621831328018432,dca_cryptoz,Trader Fred,,en,[],[],[],0,0,0,"['altcoins', 'fantom', 'polkadot', 'aave', 'ethereum', 'xrp', 'crypto', 'alts', 'bitcoin']","['ftm', 'dot', 'aave', 'eth', 'xrp']",https://twitter.com/DCA_Cryptoz/status/1497409877123207175,FALSE,,0,,,,,,,,[],,,,,"#Altcoins showing strength [Med-High time frame Targets]  1. $FTM #Fantom =&gt; $2.09üî• 2. $DOT #Polkadot =&gt; $28.98üî• 3. $AAVE #Aave =&gt; $194.77üî• 4. $ETH #Ethereum =&gt; $3,882.81üî• 5. $XRP #XRP =&gt; $2.02üöÄüî•  The market is üöÄüöÄüöÄ  #CRYPTO #ALTS #Bitcoin",0
88,1497406526151090176,1497406526151090176,2022-02-26 03:01:50 GMT Standard Time,2022-02-26,03:01:50,0,1009357757219266560,mbrae3,MBrae,,in,[],[],[],1,0,1,"['defi', 'link', 'uni', 'aave', 'snx', 'comp', 'sushi', 'yfi', 'defi', 'analysis']",[],https://twitter.com/MBrae3/status/1497406526151090176,FALSE,,0,,,,,,,,[],,,,,#DeFi changes 1 hrüìà  #LINK -1.02 %; RSI 14: 67.63 #UNI -0.43 %; RSI 14: 62.93 #AAVE -0.75 %; RSI 14: 64.09 #SNX -0.97 %; RSI 14: 56.38 #COMP 0.03 %; RSI 14: 67.95 #SUSHI -1.18 %; RSI 14: 63.81 #YFI -0.65 %; RSI 14: 65.75 #defi #analysis,0
90,1497406068170842113,1497406068170842113,2022-02-26 03:00:01 GMT Standard Time,2022-02-26,03:00:01,0,1404537094152736768,fortunesff,Fortunes Forever,,nl,[],[],[],0,0,0,"['aave', 'anchorprotocol', 'compound', 'benqi', 'venus', 'justlend', 'ironbank', 'geist']",[],https://twitter.com/Fortunesff/status/1497406068170842113,FALSE,,0,,,,,,,,[],,,,,üö®Top Lending Protocols TVL / Mcap:TVL  #Aave : $18.99b / 0.099 #Anchorprotocol : $11.98b / 0.072 #Compound : $10.56b / 0.069 #Benqi : $2.39b / 0.032 #Venus : $2.15b / 0.049 #JustLend : $1.9b / 0.171 #IronBank : $1.7b / - #Geist : $1.33m / 0.034,0
91,1497402373521690624,1497402373521690624,2022-02-26 02:45:20 GMT Standard Time,2022-02-26,02:45:20,0,1365751535087611904,cryptoprx1,cryptoprx.com,,en,[],['https://cryptoprx.com/currencies/aave/'],['https://pbs.twimg.com/media/FMfXe5VX0AIagsw.png'],0,0,0,"['aave', 'aave']",['aave'],https://twitter.com/CryptoPRx1/status/1497402373521690624,FALSE,,1,https://pbs.twimg.com/media/FMfXe5VX0AIagsw.png,,,,,,,[],,,,,"Aave AAVE $ 140.96 0.00355748 BTC Marketcap $ 1,922,928,318 Volume (24h) $ 269,225,865 Circulating Supply 13,621,886 AAVE Total Supply 16,000,000 #AAVE $AAVE #Aave price, charts, marketcap and other stats  https://t.co/UstKsMMRck  https://t.co/A40pA2hoet",0
92,1497398512459436032,1497398512459436032,2022-02-26 02:30:00 GMT Standard Time,2022-02-26,02:30:00,0,1489533395067494407,versemeta888,versemeta,,en,[],['https://ftx.com/referrals#a=85398162'],[],0,0,1,"['grt', 'tfuel', 'kda', 'xmr', 'aave', 'crypto']",[],https://twitter.com/versemeta888/status/1497398512459436032,FALSE,,0,,,,,,,,[],,,,,‚¨áÔ∏è Top losers of the last hour (Out of Top 100) üìâ  üî¥ #GRT $0.3630 üìâ -1.69015658%  üî¥ #TFUEL $0.1719 üìâ -1.43822209%  üî¥ #KDA $6.6530 üìâ -1.3817504%  üî¥ #XMR $154.7236 üìâ -1.13629385%  üî¥ #AAVE $141.1379 üìâ -0.99958728%  Trade #crypto on FTX  https://t.co/mYiDBXeBmw,-1
93,1497397990381793281,1497397990381793281,2022-02-26 02:27:55 GMT Standard Time,2022-02-26,02:27:55,0,1382427530314022912,alerts_binance,CRYPTO ALERTS BINANCE,,en,[],['https://crypto-alerts.info/BQACAgIAAx0EauwmVQACVyBiGZArT6D8UUc6BhPxfRD5Pu3ImgACLBkAAqOj0EhgiVfhK1cvHCME'],[],1,0,0,"['aave', 'usdt', 'nft', 'binance', 'crypto', 'cryptocurrency', 'trading']",[],https://twitter.com/Alerts_Binance/status/1497397990381793281,FALSE,,0,,,,,,,,[],,,,,üö®üö®üö® Crypto alert: [#AAVE-#USDT] Resistance level breakout detected (1d) #Nft #binance #crypto #cryptocurrency #trading  https://t.co/Xntr1n4oNy,0
94,1497391412899368965,1497391412899368965,2022-02-26 02:01:47 GMT Standard Time,2022-02-26,02:01:47,0,1009357757219266560,mbrae3,MBrae,,in,[],[],[],2,0,0,"['defi', 'link', 'uni', 'aave', 'snx', 'comp', 'sushi', 'yfi', 'defi', 'analysis']",[],https://twitter.com/MBrae3/status/1497391412899368965,FALSE,,0,,,,,,,,[],,,,,#DeFi changes 1 hrüìà  #LINK 0.07 %; RSI 14: 71.88 #UNI -0.63 %; RSI 14: 62.99 #AAVE -0.58 %; RSI 14: 65.32 #SNX -0.96 %; RSI 14: 58.92 #COMP 0.16 %; RSI 14: 66.03 #SUSHI 0.29 %; RSI 14: 65.23 #YFI -0.68 %; RSI 14: 66.11 #defi #analysis,0
96,1497376330199011334,1497376330199011334,2022-02-26 01:01:51 GMT Standard Time,2022-02-26,01:01:51,0,1009357757219266560,mbrae3,MBrae,,in,[],[],[],0,0,0,"['defi', 'link', 'uni', 'aave', 'snx', 'comp', 'sushi', 'yfi', 'defi', 'analysis']",[],https://twitter.com/MBrae3/status/1497376330199011334,FALSE,,0,,,,,,,,[],,,,,#DeFi changes 1 hrüìà  #LINK 2.57 %; RSI 14: 71.16 #UNI 2.16 %; RSI 14: 65.9 #AAVE 2.18 %; RSI 14: 67.12 #SNX 3.23 %; RSI 14: 61.43 #COMP 2.16 %; RSI 14: 66.76 #SUSHI 2.73 %; RSI 14: 66.29 #YFI 2.85 %; RSI 14: 72.35 #defi #analysis,0
97,1497375874030739456,1497375874030739456,2022-02-26 01:00:02 GMT Standard Time,2022-02-26,01:00:02,0,1475357897655832585,cm_knb,Coinmetro KnowledgeBase,,en,[],['https://coinmetro.com/?ref=mak'],[],0,0,0,"['coinmetro', 'aave', 'usd', 'luna', 'usd', 'lto', 'usd', 'xcm']",[],https://twitter.com/CM_KNB/status/1497375874030739456,FALSE,,0,,,,,,,,[],,,,,Top gainers last 24h on #Coinmetro: 1) #AAVE / #USD: 15.54% 2) #LUNA / #USD: 15.18% 3) #LTO / #USD: 14.99%  #XCM Start trading now!  https://t.co/KDID6cZiH3,1
98,1497375849892683779,1497375849892683779,2022-02-26 00:59:57 GMT Standard Time,2022-02-26,00:59:57,0,19102887,agrawal_raj,Raj Agrawal,,en,[],['https://twitter.com/Agrawal_Raj/status/1396011994025664513'],[],0,0,0,"['crypto', 'bittorrent', 'fantom', 'ecomi', 'harmony', 'frax', 'gala', 'aave']",[],https://twitter.com/Agrawal_Raj/status/1497375849892683779,FALSE,https://twitter.com/Agrawal_Raj/status/1396011994025664513,0,,,,,,,,[],,,,,#Crypto: Price movers  #BitTorrent $0.0(‚áì34.74%) #Fantom $1.76(‚áë18.64%) #ECOMI $0.0(‚áë18.59%) #Harmony $0.15(‚áë18.39%) #Frax Share $20.66(‚áë16.84%) #Gala $0.27(‚áë16.3%) #Aave $142.9(‚áë15.59%)   https://t.co/vl4PEew7Gt,1
100,1497372126650806273,1497372126650806273,2022-02-26 00:45:09 GMT Standard Time,2022-02-26,00:45:09,0,1470783836824944643,miroknowscrypto,Miro Knows Crypto,,en,[],['https://crypto.miroknows.com/daily-analysis/aave'],[],0,0,1,['aave'],[],https://twitter.com/miroknowscrypto/status/1497372126650806273,FALSE,,0,,,,,,,,[],,,,,#aave price analysis. The daily standard deviation percentage is 4.52%. There is a 32% chance for a high of 145.74 or a low of 133.14 and a 5% chance for a high of 152.04 or a low of 126.84.  https://t.co/SpNdQshh1P,0
101,1497371183590752258,1497371183590752258,2022-02-26 00:41:24 GMT Standard Time,2022-02-26,00:41:24,0,161108398,thepumpadvisor,The Pump Advisor,,en,[],[],[],0,0,0,"['aave', 'binance']",['aave'],https://twitter.com/thepumpadvisor/status/1497371183590752258,FALSE,,0,,,,,,,,[],,,,,Our eyes on $AAVE... ‚Ä¢ Price (USD): $ 143.50000000    ‚Ä¢ Real-Time Cryptocurrency Trends ‚Ä¢    ‚Ä¢ #AAVE Markets:  BinanceUS CryptoCom KuCoin FTX FTX_US Coinbase Kraken #Binance,0
102,1497368613161869318,1497368613161869318,2022-02-26 00:31:11 GMT Standard Time,2022-02-26,00:31:11,0,1020658187890913280,meherautters,S1 OG CODMüè≥Ô∏è‚ÄçüåàüáÆüá≥,,en,"[{'screen_name': 'bybit_official', 'name': 'bybit ü¶ç', 'id': '999947328621395968'}]","['https://d.adx.io/go/rtC1O45T', 'https://www.bybit.com/en-US/invite?ref=KOP1XY']",['https://pbs.twimg.com/media/FMe40DgVIAAEhFj.jpg'],0,0,0,"['ada', 'avax', 'axs', 'aave', 'apenft', 'babydoge', 'ama']",[],https://twitter.com/meherautters/status/1497368613161869318,FALSE,,1,https://pbs.twimg.com/media/FMe40DgVIAAEhFj.jpg,,,,,,,[],,,,,"Grab your share of the $260,000 Prizepool by trading ERTHA/USDT on @Bybit_Official ü§ë  Perform the required tasks to participate in itüí∏  Check details here :  https://t.co/FS8zeP7fyB Join trading on Bybit :  https://t.co/RrnOBdEjbL  #ADA #AVAX #AXS #AAVE #ApeNFT #BabyDoge #AMA  https://t.co/KKxnfT1Zx7",1
103,1497368313676062723,1497368313676062723,2022-02-26 00:30:00 GMT Standard Time,2022-02-26,00:30:00,0,1489533395067494407,versemeta888,versemeta,,en,[],['https://ftx.com/referrals#a=85398162'],[],0,0,1,"['waves', 'aave', 'sol', 'etc', 'matic', 'crypto']",[],https://twitter.com/versemeta888/status/1497368313676062723,FALSE,,0,,,,,,,,[],,,,,‚¨áÔ∏è Top losers of the last hour (Out of Top 100) üìâ  üî¥ #WAVES $10.4710 üìâ -1.46148494%  üî¥ #AAVE $140.6183 üìâ -1.37619551%  üî¥ #SOL $93.0715 üìâ -1.36346364%  üî¥ #ETC $27.9461 üìâ -1.30782084%  üî¥ #MATIC $1.5512 üìâ -1.29622804%  Trade #crypto on FTX  https://t.co/mYiDBXeBmw,-1
104,1497365325700116481,1497365325700116481,2022-02-26 00:18:08 GMT Standard Time,2022-02-26,00:18:08,0,1208621831328018432,dca_cryptoz,Trader Fred,,en,[],[],[],0,0,0,['aave'],['aave'],https://twitter.com/DCA_Cryptoz/status/1497365325700116481,FALSE,,0,,,,,,,,[],,,,,Algo V2 suggesting $AAVE #Aave Current Price $140.18 Short term trend üìâ Bullish above $227.75 Bearish below $140.75 Possible bottom at $109.92 within coming weeks,-1
105,1497361581285511170,1497361581285511170,2022-02-26 00:03:15 GMT Standard Time,2022-02-26,00:03:15,0,1009357757219266560,mbrae3,MBrae,,in,[],[],[],0,0,0,"['defi', 'link', 'uni', 'aave', 'snx', 'comp', 'sushi', 'yfi', 'defi', 'analysis']",[],https://twitter.com/MBrae3/status/1497361581285511170,FALSE,,0,,,,,,,,[],,,,,#DeFi changes 1 hrüìà  #LINK -0.69 %; RSI 14: 67.01 #UNI -1.49 %; RSI 14: 62.45 #AAVE -2.26 %; RSI 14: 64.77 #SNX -1.95 %; RSI 14: 54.38 #COMP -1.06 %; RSI 14: 60.59 #SUSHI -1.49 %; RSI 14: 61.74 #YFI 0.14 %; RSI 14: 64.17 #defi #analysis,-1
106,1497360768379072519,1497360768379072519,2022-02-26 00:00:01 GMT Standard Time,2022-02-26,00:00:01,0,1420948278879801350,moon_or_earth,Moon or Earth,,no,[],[],[],0,0,1,"['cryptocurrency', 'cvx', 'rare', 'forth', 'aave', 'agld']",[],https://twitter.com/moon_or_earth/status/1497360768379072519,FALSE,,0,,,,,,,,[],,,,,top down #cryptocurrency in last 15 minute :  #CVX  20.26 | 19.94 USDT (-1.58%) #RARE  0.509 | 0.501 USDT (-1.57%) #FORTH  6.54 | 6.46 USDT (-1.22%) #AAVE  141.2 | 139.5 USDT (-1.20%) #AGLD  1.182 | 1.169 USDT (-1.10%)  down to earth? [26-02-2022 00:00 Z],-1